first_name|last_name
William|Mcgee
Colleen|Olson
Shelley|Brennan
Zelenia|Camacho
Nero|Hall
India|Thomas
Courtney|Wood
Fulton|Holden
Leila|Conner
Teegan|Dale
Kylee|Case
Raphael|Greer
Edan|Haynes
Aurora|Watkins
Keefe|Olson
Andrew|Salazar
Gail|Cohen
Ignatius|Norton
Damon|Rowland
Nash|Crane
Caldwell|Herring
Zahir|Russell
Wallace|Bird
Sybill|Mccray
Nissim|Fletcher
Hilary|Cole
Carly|Bryan
Alvin|Ross
Duncan|Santana
Britanney|Noble
Fritz|Andrews
Mannix|Wynn
Brandon|Ewing
Iola|Barr
Halee|Gibson
Melinda|Yates
Driscoll|Curry
Isaac|Todd
Sonia|Sanford
Grace|Pruitt
Aaron|Young
Neve|Mcgee
Montana|Potter
Janna|Landry
Whilemina|Charles
Kirestin|Erickson
Yen|Edwards
Chelsea|Hampton
Olivia|Adams
Mikayla|Robbins
Hoyt|Whitaker
Plato|Pate
Wanda|Rasmussen
Abraham|Hogan
Zephr|Lancaster
Alexandra|Ryan
Conan|Mckinney
Adrienne|Boone
Dennis|Rivas
Jamalia|Merrill
Courtney|Mcintosh
Daquan|Finley
Skyler|Simon
Bryar|Anderson
Rosalyn|Cleveland
Jade|Howard
Lareina|Savage
Reuben|Wiley
Samantha|Atkins
Ishmael|Rowe
Bryar|Baker
Oliver|Kelley
Karleigh|Montoya
Courtney|Carpenter
Kalia|Haney
Charity|Maynard
Neville|Jacobs
Xenos|Hurley
Kato|Battle
Amity|Rosario
Debra|Wilkins
Mira|Andrews
Skyler|Moses
Yvonne|Ayala
Gray|Rowland
Aspen|Wynn
Kato|Evans
Drew|Wilson
Miriam|Leach
Ahmed|Vaughn
Yardley|Tate
Guinevere|Campbell
Thomas|Schneider
Cedric|Maynard
Wynne|Suarez
Wylie|Sutton
Dominic|Leon
Armando|Cantu
Clayton|Frederick
Warren|Fletcher